country_a,country_b,event_start,event_end,event_name,expected_direction,pre_observations,event_observations,pre_event_mean,event_mean,event_shift,meaningful_signal,direction_match,nearest_change_point_year,change_point_distance,change_point_within_5y,classification
CHN,RUS,2001,2001,Sino-Russian Treaty of Good-Neighborliness and Friendly Cooperation,1.0,3,1,0.8533222222222222,0.8875,0.03417777777777775,False,,,,False,WEAK_SIGNAL
CHN,USA,1989,1990,Tiananmen crackdown and U.S. sanctions,-1.0,3,2,0.27121980519480515,0.21799722222222218,-0.05322258297258298,False,,,,False,WEAK_SIGNAL
IND,CHN,1988,1988,Rajiv Gandhi China visit and normalization,1.0,3,1,0.969162912087912,0.9836791666666667,0.014516254578754606,False,,,,False,WEAK_SIGNAL
IND,CHN,2020,2021,India-China LAC crisis,-1.0,3,2,1.0,0.9618083333333334,-0.038191666666666624,False,,,,False,WEAK_SIGNAL
IND,RUS,1993,1993,India-Russia Treaty of Friendship and Cooperation,1.0,1,1,0.6421333333333333,0.6011928571428572,-0.04094047619047614,False,,1997.0,4.0,True,WEAK_SIGNAL
IND,RUS,2000,2000,India-Russia Declaration on Strategic Partnership,1.0,3,1,0.83625,0.9297666666666666,0.09351666666666658,False,,2000.0,0.0,True,WEAK_SIGNAL
IND,USA,1998,2000,Indian nuclear tests and U.S. sanctions,-1.0,3,3,0.26005654761904756,0.24793333333333334,-0.012123214285714223,False,,2023.0,23.0,False,WEAK_SIGNAL
IND,USA,2005,2006,U.S.-India Strategic Partnership and Civil Nuclear Initiative,1.0,3,2,0.16569476190476187,0.16746428571428568,0.0017695238095238042,False,,2023.0,17.0,False,WEAK_SIGNAL
USA,RUS,2014,2014,Crimea intervention and U.S. sanctions,-1.0,3,1,0.29597222222222225,0.19166666666666665,-0.1043055555555556,True,True,,,False,SIGNAL_DETECTED
