kind,magnitude,noise,tp,fp,fn,precision,recall,f1,mean_detection_delay
stable,0.2,0.0,0,0,0,0.0,0.0,0.0,
stable,0.2,0.05,0,0,0,0.0,0.0,0.0,
stable,0.2,0.1,0,12,0,0.0,0.0,0.0,
stable,0.2,0.15,0,37,0,0.0,0.0,0.0,
stable,0.3,0.0,0,0,0,0.0,0.0,0.0,
stable,0.3,0.05,0,0,0,0.0,0.0,0.0,
stable,0.3,0.1,0,7,0,0.0,0.0,0.0,
stable,0.3,0.15,0,38,0,0.0,0.0,0.0,
stable,0.4,0.0,0,0,0,0.0,0.0,0.0,
stable,0.4,0.05,0,0,0,0.0,0.0,0.0,
stable,0.4,0.1,0,6,0,0.0,0.0,0.0,
stable,0.4,0.15,0,51,0,0.0,0.0,0.0,
stable,0.5,0.0,0,0,0,0.0,0.0,0.0,
stable,0.5,0.05,0,0,0,0.0,0.0,0.0,
stable,0.5,0.1,0,9,0,0.0,0.0,0.0,
stable,0.5,0.15,0,37,0,0.0,0.0,0.0,
stable,0.6,0.0,0,0,0,0.0,0.0,0.0,
stable,0.6,0.05,0,0,0,0.0,0.0,0.0,
stable,0.6,0.1,0,4,0,0.0,0.0,0.0,
stable,0.6,0.15,0,30,0,0.0,0.0,0.0,
stable,0.8,0.0,0,0,0,0.0,0.0,0.0,
stable,0.8,0.05,0,0,0,0.0,0.0,0.0,
stable,0.8,0.1,0,5,0,0.0,0.0,0.0,
stable,0.8,0.15,0,39,0,0.0,0.0,0.0,
positive,0.2,0.0,20,0,0,1.0,1.0,1.0,0.0
positive,0.2,0.05,10,0,10,1.0,0.5,0.6666666666666666,0.0
positive,0.2,0.1,10,8,10,0.5555555555555556,0.5,0.5263157894736842,-0.1
positive,0.2,0.15,11,36,9,0.23404255319148937,0.55,0.3283582089552239,0.09090909090909091
positive,0.3,0.0,20,0,0,1.0,1.0,1.0,0.0
positive,0.3,0.05,20,0,0,1.0,1.0,1.0,0.0
positive,0.3,0.1,19,5,1,0.7916666666666666,0.95,0.8636363636363635,0.0
positive,0.3,0.15,13,26,7,0.3333333333333333,0.65,0.4406779661016949,-0.07692307692307693
positive,0.4,0.0,20,0,0,1.0,1.0,1.0,0.0
positive,0.4,0.05,20,0,0,1.0,1.0,1.0,0.0
positive,0.4,0.1,20,3,0,0.8695652173913043,1.0,0.9302325581395349,0.0
positive,0.4,0.15,19,21,1,0.475,0.95,0.6333333333333334,0.0
positive,0.5,0.0,20,0,0,1.0,1.0,1.0,0.0
positive,0.5,0.05,20,0,0,1.0,1.0,1.0,0.0
positive,0.5,0.1,20,4,0,0.8333333333333334,1.0,0.9090909090909091,0.05
positive,0.5,0.15,17,25,3,0.40476190476190477,0.85,0.5483870967741935,0.058823529411764705
positive,0.6,0.0,20,0,0,1.0,1.0,1.0,0.0
positive,0.6,0.05,20,0,0,1.0,1.0,1.0,0.0
positive,0.6,0.1,20,6,0,0.7692307692307693,1.0,0.8695652173913044,0.0
positive,0.6,0.15,18,28,2,0.391304347826087,0.9,0.5454545454545454,-0.05555555555555555
positive,0.8,0.0,20,0,0,1.0,1.0,1.0,0.0
positive,0.8,0.05,20,0,0,1.0,1.0,1.0,0.0
positive,0.8,0.1,20,3,0,0.8695652173913043,1.0,0.9302325581395349,0.0
positive,0.8,0.15,20,31,0,0.39215686274509803,1.0,0.5633802816901409,0.05
negative,0.2,0.0,20,0,0,1.0,1.0,1.0,0.0
negative,0.2,0.05,11,0,9,1.0,0.55,0.7096774193548387,0.0
negative,0.2,0.1,12,6,8,0.6666666666666666,0.6,0.631578947368421,-0.08333333333333333
negative,0.2,0.15,11,34,9,0.24444444444444444,0.55,0.3384615384615384,-0.2727272727272727
negative,0.3,0.0,20,0,0,1.0,1.0,1.0,0.0
negative,0.3,0.05,20,0,0,1.0,1.0,1.0,0.0
negative,0.3,0.1,16,8,4,0.6666666666666666,0.8,0.7272727272727272,-0.125
negative,0.3,0.15,14,44,6,0.2413793103448276,0.7,0.358974358974359,-0.07142857142857142
negative,0.4,0.0,20,0,0,1.0,1.0,1.0,0.0
negative,0.4,0.05,20,0,0,1.0,1.0,1.0,0.0
negative,0.4,0.1,20,4,0,0.8333333333333334,1.0,0.9090909090909091,-0.15
negative,0.4,0.15,19,35,1,0.35185185185185186,0.95,0.5135135135135135,0.15789473684210525
negative,0.5,0.0,20,0,0,1.0,1.0,1.0,0.0
negative,0.5,0.05,20,0,0,1.0,1.0,1.0,0.0
negative,0.5,0.1,20,4,0,0.8333333333333334,1.0,0.9090909090909091,0.0
negative,0.5,0.15,20,32,0,0.38461538461538464,1.0,0.5555555555555556,0.1
negative,0.6,0.0,20,0,0,1.0,1.0,1.0,0.0
negative,0.6,0.05,20,0,0,1.0,1.0,1.0,0.0
negative,0.6,0.1,20,9,0,0.6896551724137931,1.0,0.8163265306122449,-0.05
negative,0.6,0.15,20,30,0,0.4,1.0,0.5714285714285715,0.05
negative,0.8,0.0,20,0,0,1.0,1.0,1.0,0.0
negative,0.8,0.05,20,0,0,1.0,1.0,1.0,0.0
negative,0.8,0.1,20,6,0,0.7692307692307693,1.0,0.8695652173913044,0.0
negative,0.8,0.15,20,23,0,0.46511627906976744,1.0,0.6349206349206349,-0.05
temporary,0.2,0.0,20,0,0,1.0,1.0,1.0,0.0
temporary,0.2,0.05,6,4,14,0.6,0.3,0.4,0.0
temporary,0.2,0.1,10,14,10,0.4166666666666667,0.5,0.45454545454545453,0.0
temporary,0.2,0.15,2,49,18,0.0392156862745098,0.1,0.05633802816901408,0.0
temporary,0.3,0.0,20,0,0,1.0,1.0,1.0,0.0
temporary,0.3,0.05,12,8,8,0.6,0.6,0.6,0.0
temporary,0.3,0.1,7,18,13,0.28,0.35,0.3111111111111111,-0.14285714285714285
temporary,0.3,0.15,8,37,12,0.17777777777777778,0.4,0.24615384615384614,0.125
temporary,0.4,0.0,20,0,0,1.0,1.0,1.0,0.0
temporary,0.4,0.05,10,10,10,0.5,0.5,0.5,0.0
temporary,0.4,0.1,7,16,13,0.30434782608695654,0.35,0.3255813953488372,-0.14285714285714285
temporary,0.4,0.15,6,47,14,0.11320754716981132,0.3,0.1643835616438356,-0.16666666666666666
temporary,0.5,0.0,20,0,0,1.0,1.0,1.0,0.0
temporary,0.5,0.05,8,12,12,0.4,0.4,0.4000000000000001,0.0
temporary,0.5,0.1,9,15,11,0.375,0.45,0.4090909090909091,0.0
temporary,0.5,0.15,8,36,12,0.18181818181818182,0.4,0.25000000000000006,0.0
temporary,0.6,0.0,20,0,0,1.0,1.0,1.0,0.0
temporary,0.6,0.05,10,10,10,0.5,0.5,0.5,0.0
temporary,0.6,0.1,12,13,8,0.48,0.6,0.5333333333333332,0.0
temporary,0.6,0.15,12,28,8,0.3,0.6,0.4,0.0
temporary,0.8,0.0,20,0,0,1.0,1.0,1.0,0.0
temporary,0.8,0.05,11,9,9,0.55,0.55,0.55,0.0
temporary,0.8,0.1,13,12,7,0.52,0.65,0.5777777777777778,0.0
temporary,0.8,0.15,10,29,10,0.2564102564102564,0.5,0.3389830508474576,-0.1
gradual,0.2,0.0,0,0,20,0.0,0.0,0.0,
gradual,0.2,0.05,0,0,20,0.0,0.0,0.0,
gradual,0.2,0.1,1,7,19,0.125,0.05,0.07142857142857144,0.0
gradual,0.2,0.15,4,43,16,0.0851063829787234,0.2,0.11940298507462686,0.25
gradual,0.3,0.0,0,0,20,0.0,0.0,0.0,
gradual,0.3,0.05,0,0,20,0.0,0.0,0.0,
gradual,0.3,0.1,0,8,20,0.0,0.0,0.0,
gradual,0.3,0.15,4,40,16,0.09090909090909091,0.2,0.12500000000000003,-1.0
gradual,0.4,0.0,0,0,20,0.0,0.0,0.0,
gradual,0.4,0.05,0,1,20,0.0,0.0,0.0,
gradual,0.4,0.1,0,20,20,0.0,0.0,0.0,
gradual,0.4,0.15,5,40,15,0.1111111111111111,0.25,0.15384615384615383,0.0
gradual,0.5,0.0,0,0,20,0.0,0.0,0.0,
gradual,0.5,0.05,0,0,20,0.0,0.0,0.0,
gradual,0.5,0.1,0,19,20,0.0,0.0,0.0,
gradual,0.5,0.15,6,49,14,0.10909090909090909,0.3,0.16,0.0
gradual,0.6,0.0,0,0,20,0.0,0.0,0.0,
gradual,0.6,0.05,0,2,20,0.0,0.0,0.0,
gradual,0.6,0.1,2,25,18,0.07407407407407407,0.1,0.0851063829787234,1.0
gradual,0.6,0.15,4,51,16,0.07272727272727272,0.2,0.10666666666666667,0.5
gradual,0.8,0.0,0,0,20,0.0,0.0,0.0,
gradual,0.8,0.05,0,6,20,0.0,0.0,0.0,
gradual,0.8,0.1,0,34,20,0.0,0.0,0.0,
gradual,0.8,0.15,7,57,13,0.109375,0.35,0.16666666666666666,0.14285714285714285
