country_a,country_b,issue,observations,mean_alignment,median_alignment,mean_divergence,directional_agreement,reportable
CHN,RUS,HUMAN RIGHTS--REPORTS,8,0.57306875,0.57145,0.8538625,0.125,True
CHN,RUS,DISARMAMENT--GENERAL AND COMPLETE,17,0.7231235294117646,0.75,0.5537529411764706,0.7647058823529411,True
CHN,RUS,PALESTINE QUESTION,30,0.7283333333333334,0.75,0.5433333333333333,0.9,True
CHN,RUS,TERRITORIES OCCUPIED BY ISRAEL--HUMAN RIGHTS,3,0.8333499999999999,0.83335,0.3333,1.0,False
CHN,RUS,TERRITORIES OCCUPIED BY ISRAEL--HUMAN RIGHTS--REPORTS,29,0.843103448275862,0.9,0.31379310344827577,0.8620689655172413,True
CHN,RUS,HUMAN RIGHTS ADVANCEMENT,17,0.8675058823529412,0.9,0.26498823529411764,0.8235294117647058,True
CHN,RUS,TERRITORIES OCCUPIED BY ISRAEL--SETTLEMENT POLICY,3,0.8889,0.83335,0.22219999999999998,1.0,False
CHN,RUS,MIDDLE EAST SITUATION,5,0.90001,0.83335,0.19998,1.0,True
CHN,RUS,DECOLONIZATION,7,0.9464285714285714,1.0,0.10714285714285714,1.0,True
CHN,RUS,UNRWA--ACTIVITIES,33,0.967509090909091,1.0,0.06498181818181818,1.0,True
CHN,USA,PALESTINE QUESTION,39,0.0,0.0,2.0,0.0,True
CHN,USA,TERRITORIES OCCUPIED BY ISRAEL--HUMAN RIGHTS,3,0.0,0.0,2.0,0.0,False
CHN,USA,TERRITORIES OCCUPIED BY ISRAEL--SETTLEMENT POLICY,3,0.0,0.0,2.0,0.0,False
CHN,USA,APARTHEID,10,0.09304499999999997,0.08712499999999995,1.81391,0.0,True
CHN,USA,INTERNATIONAL TRADE,4,0.09375,0.0625,1.8125,0.0,False
CHN,USA,DECOLONIZATION,13,0.10320384615384616,0.0,1.7935923076923077,0.0,True
CHN,USA,TERRITORIES OCCUPIED BY ISRAEL--HUMAN RIGHTS--REPORTS,38,0.14769473684210518,0.0999999999999999,1.7046105263157894,0.0,True
CHN,USA,UNRWA--ACTIVITIES,38,0.1686,0.14582499999999995,1.6628,0.0,True
CHN,USA,HUMAN RIGHTS ADVANCEMENT,17,0.17136176470588235,0.125,1.6572764705882352,0.0,True
CHN,USA,DISARMAMENT--UN. GENERAL ASSEMBLY (10TH SPECIAL SESS. : 1978)--RECOMMENDATIONS,6,0.20800833333333327,0.23619999999999994,1.5839833333333333,0.0,True
CHN,USA,HUMAN RIGHTS--REPORTS,8,0.22828124999999994,0.2142999999999999,1.5434375,0.0,True
CHN,USA,DISARMAMENT--UN. GENERAL ASSEMBLY (12TH SPECIAL SESS. : 1982)--RECOMMENDATIONS,6,0.2440416666666666,0.20832499999999995,1.5119166666666668,0.0,True
CHN,USA,MIDDLE EAST SITUATION,14,0.28213571428571427,0.1666499999999999,1.4357285714285715,0.07142857142857142,True
CHN,USA,UN. ECONOMIC AND SOCIAL COUNCIL--REPORTS,8,0.4269,0.44304999999999994,1.1461999999999999,0.125,True
CHN,USA,NAMIBIA QUESTION,6,0.5,0.5,1.0,0.0,True
CHN,USA,DISARMAMENT--GENERAL AND COMPLETE,25,0.61181,0.625,0.7763800000000001,0.32,True
IND,CHN,DISARMAMENT--GENERAL AND COMPLETE,26,0.8269365384615385,0.8333,0.34612692307692305,0.9615384615384616,True
IND,CHN,TERRITORIES OCCUPIED BY ISRAEL--HUMAN RIGHTS,3,0.8333499999999999,0.83335,0.3333,1.0,False
IND,CHN,DISARMAMENT--UN. GENERAL ASSEMBLY (12TH SPECIAL SESS. : 1982)--RECOMMENDATIONS,6,0.8363166666666667,0.83335,0.32736666666666664,1.0,True
IND,CHN,HUMAN RIGHTS ADVANCEMENT,17,0.925664705882353,0.92855,0.1486705882352941,1.0,True
IND,CHN,UN. ECONOMIC AND SOCIAL COUNCIL--REPORTS,8,0.93629375,0.96805,0.12741249999999998,1.0,True
IND,CHN,HUMAN RIGHTS--REPORTS,8,0.94895625,1.0,0.1020875,1.0,True
IND,CHN,TERRITORIES OCCUPIED BY ISRAEL--SETTLEMENT POLICY,3,0.9583333333333334,1.0,0.08333333333333333,1.0,False
IND,CHN,INTERNATIONAL TRADE,4,0.9583375000000001,1.0,0.083325,1.0,False
IND,CHN,DISARMAMENT--UN. GENERAL ASSEMBLY (10TH SPECIAL SESS. : 1978)--RECOMMENDATIONS,6,0.973125,0.9875,0.053749999999999985,1.0,True
IND,CHN,TERRITORIES OCCUPIED BY ISRAEL--HUMAN RIGHTS--REPORTS,38,0.9967105263157895,1.0,0.006578947368421052,1.0,True
IND,CHN,PALESTINE QUESTION,39,0.9967948717948718,1.0,0.00641025641025641,1.0,True
IND,CHN,APARTHEID,10,1.0,1.0,0.0,1.0,True
IND,CHN,DECOLONIZATION,13,1.0,1.0,0.0,1.0,True
IND,CHN,MIDDLE EAST SITUATION,14,1.0,1.0,0.0,1.0,True
IND,CHN,NAMIBIA QUESTION,6,1.0,1.0,0.0,1.0,True
IND,CHN,UNRWA--ACTIVITIES,38,1.0,1.0,0.0,1.0,True
IND,RUS,HUMAN RIGHTS--REPORTS,8,0.547025,0.57145,0.90595,0.125,True
IND,RUS,PALESTINE QUESTION,30,0.7325,0.75,0.535,0.9,True
IND,RUS,HUMAN RIGHTS ADVANCEMENT,17,0.8196411764705882,0.83335,0.36071764705882353,0.8235294117647058,True
IND,RUS,DISARMAMENT--GENERAL AND COMPLETE,19,0.8220921052631579,0.91665,0.3558157894736842,0.7894736842105263,True
IND,RUS,TERRITORIES OCCUPIED BY ISRAEL--SETTLEMENT POLICY,3,0.8472333333333334,0.83335,0.3055333333333333,1.0,False
IND,RUS,TERRITORIES OCCUPIED BY ISRAEL--HUMAN RIGHTS--REPORTS,29,0.8474137931034482,0.9,0.3051724137931034,0.8620689655172413,True
IND,RUS,MIDDLE EAST SITUATION,5,0.90001,0.83335,0.19998,1.0,True
IND,RUS,DECOLONIZATION,7,0.9464285714285714,1.0,0.10714285714285714,1.0,True
IND,RUS,UNRWA--ACTIVITIES,33,0.967509090909091,1.0,0.06498181818181818,1.0,True
IND,RUS,TERRITORIES OCCUPIED BY ISRAEL--HUMAN RIGHTS,3,1.0,1.0,0.0,1.0,False
IND,USA,PALESTINE QUESTION,39,0.003205128205128205,0.0,1.9935897435897436,0.0,True
IND,USA,TERRITORIES OCCUPIED BY ISRAEL--SETTLEMENT POLICY,3,0.041666666666666664,0.0,1.9166666666666667,0.0,False
IND,USA,DISARMAMENT--UN. GENERAL ASSEMBLY (12TH SPECIAL SESS. : 1982)--RECOMMENDATIONS,6,0.0803583333333333,0.0625,1.8392833333333334,0.0,True
IND,USA,APARTHEID,10,0.09304499999999997,0.08712499999999995,1.81391,0.0,True
IND,USA,DECOLONIZATION,13,0.10320384615384616,0.0,1.7935923076923077,0.0,True
IND,USA,INTERNATIONAL TRADE,4,0.1354125,0.0625,1.7291750000000001,0.0,False
IND,USA,HUMAN RIGHTS ADVANCEMENT,17,0.14849705882352937,0.1666499999999999,1.7030058823529413,0.0,True
IND,USA,TERRITORIES OCCUPIED BY ISRAEL--HUMAN RIGHTS--REPORTS,38,0.15098421052631572,0.0999999999999999,1.6980315789473683,0.0,True
IND,USA,TERRITORIES OCCUPIED BY ISRAEL--HUMAN RIGHTS,3,0.1666499999999999,0.1666499999999999,1.6666999999999998,0.0,False
IND,USA,UNRWA--ACTIVITIES,38,0.1686,0.14582499999999995,1.6628,0.0,True
IND,USA,HUMAN RIGHTS--REPORTS,8,0.22723749999999995,0.2142999999999999,1.545525,0.0,True
IND,USA,DISARMAMENT--UN. GENERAL ASSEMBLY (10TH SPECIAL SESS. : 1978)--RECOMMENDATIONS,6,0.2348833333333333,0.2378249999999999,1.5302333333333333,0.0,True
IND,USA,MIDDLE EAST SITUATION,14,0.28213571428571427,0.1666499999999999,1.4357285714285715,0.07142857142857142,True
IND,USA,UN. ECONOMIC AND SOCIAL COUNCIL--REPORTS,8,0.37291874999999997,0.44999999999999996,1.2541625,0.125,True
IND,USA,NAMIBIA QUESTION,6,0.5,0.5,1.0,0.0,True
IND,USA,DISARMAMENT--GENERAL AND COMPLETE,27,0.7490148148148149,0.8,0.5019703703703704,0.3333333333333333,True
USA,RUS,TERRITORIES OCCUPIED BY ISRAEL--SETTLEMENT POLICY,3,0.11109999999999993,0.1666499999999999,1.7778,0.0,False
USA,RUS,DECOLONIZATION,7,0.12023571428571427,0.0,1.7595285714285716,0.0,True
USA,RUS,TERRITORIES OCCUPIED BY ISRAEL--HUMAN RIGHTS,3,0.1666499999999999,0.1666499999999999,1.6666999999999998,0.0,False
USA,RUS,UNRWA--ACTIVITIES,33,0.18606666666666666,0.125,1.6278666666666666,0.0,True
USA,RUS,TERRITORIES OCCUPIED BY ISRAEL--HUMAN RIGHTS--REPORTS,29,0.2632999999999999,0.1999999999999999,1.4734,0.0,True
USA,RUS,PALESTINE QUESTION,30,0.27166666666666667,0.25,1.4566666666666668,0.0,True
USA,RUS,HUMAN RIGHTS ADVANCEMENT,17,0.277385294117647,0.1666499999999999,1.4452294117647058,0.0,True
USA,RUS,MIDDLE EAST SITUATION,5,0.47499,0.66665,1.05002,0.0,True
USA,RUS,HUMAN RIGHTS--REPORTS,8,0.6552125,0.654775,0.689575,0.875,True
USA,RUS,DISARMAMENT--GENERAL AND COMPLETE,18,0.7387999999999999,0.83335,0.5224,0.3888888888888889,True
