country_a,country_b,window_start,window_end,observations,mean_alignment,mean_divergence,directional_agreement
CHN,RUS,1988,1992,5,0.67056,0.65888,0.6
CHN,RUS,1989,1993,12,0.62315,0.7536999999999999,0.5
CHN,RUS,1990,1994,20,0.6276399999999999,0.7447199999999999,0.5
CHN,RUS,1991,1995,28,0.6362196428571429,0.7275607142857144,0.5
CHN,RUS,1992,1996,35,0.6700642857142857,0.6598714285714286,0.5714285714285714
CHN,RUS,1993,1997,37,0.696254054054054,0.6074918918918918,0.6216216216216216
CHN,RUS,1994,1998,36,0.7416944444444444,0.5166111111111111,0.6944444444444444
CHN,RUS,1995,1999,34,0.7808764705882352,0.4382470588235293,0.7647058823529411
CHN,RUS,1996,2000,32,0.8331203125000001,0.33375937499999997,0.875
CHN,RUS,1997,2001,29,0.847301724137931,0.30539655172413793,0.896551724137931
CHN,RUS,1998,2002,27,0.8710425925925925,0.25791481481481476,0.9259259259259259
CHN,RUS,1999,2003,28,0.8810803571428572,0.2378392857142857,0.9642857142857143
CHN,RUS,2000,2004,26,0.8969788461538462,0.2060423076923077,1.0
CHN,RUS,2001,2005,27,0.9004648148148149,0.19907037037037034,1.0
CHN,RUS,2002,2006,27,0.9041685185185185,0.19166296296296292,1.0
CHN,RUS,2003,2007,26,0.895673076923077,0.2086538461538461,1.0
CHN,RUS,2004,2008,22,0.8963999999999999,0.2072,1.0
CHN,RUS,2005,2009,22,0.8998090909090909,0.20038181818181816,1.0
CHN,RUS,2006,2010,20,0.8958299999999999,0.20833999999999997,1.0
CHN,RUS,2007,2011,21,0.8928547619047619,0.21429047619047617,1.0
CHN,RUS,2008,2012,21,0.8714261904761904,0.25714761904761907,0.9523809523809523
CHN,RUS,2009,2013,21,0.8714261904761904,0.25714761904761907,0.9523809523809523
CHN,RUS,2010,2014,20,0.8649975000000001,0.270005,0.95
CHN,RUS,2011,2015,19,0.8403499999999999,0.3193,0.8947368421052632
CHN,RUS,2012,2016,18,0.8222194444444445,0.35556111111111105,0.8333333333333334
CHN,RUS,2013,2017,17,0.8480382352941177,0.3039235294117647,0.8823529411764706
CHN,RUS,2014,2018,18,0.8564805555555556,0.28703888888888884,0.8888888888888888
CHN,RUS,2015,2019,18,0.8550916666666667,0.2898166666666666,0.8888888888888888
CHN,RUS,2016,2020,20,0.8933325,0.213335,0.95
CHN,RUS,2017,2021,19,0.9149131578947368,0.1701736842105263,1.0
CHN,RUS,2018,2022,19,0.9043868421052632,0.1912263157894737,1.0
CHN,RUS,2019,2023,19,0.8701763157894736,0.2596473684210526,0.9473684210526315
CHN,RUS,2020,2024,19,0.8548263157894738,0.29034736842105263,0.8947368421052632
CHN,RUS,2021,2025,23,0.8603282608695652,0.2793434782608695,0.8695652173913043
CHN,USA,1979,1983,10,0.29464999999999997,1.4106999999999998,0.0
CHN,USA,1980,1984,23,0.29948695652173907,1.4010260869565216,0.043478260869565216
CHN,USA,1981,1985,36,0.2948055555555555,1.410388888888889,0.05555555555555555
CHN,USA,1982,1986,50,0.290365,1.41927,0.04
CHN,USA,1983,1987,64,0.29509453124999996,1.4098109375,0.046875
CHN,USA,1984,1988,65,0.2829161538461538,1.4341676923076923,0.046153846153846156
CHN,USA,1985,1989,63,0.2652904761904762,1.4694190476190474,0.031746031746031744
CHN,USA,1986,1990,59,0.25523559322033895,1.4895288135593217,0.03389830508474576
CHN,USA,1987,1991,52,0.26047788461538457,1.4790442307692306,0.07692307692307693
CHN,USA,1988,1992,43,0.232013953488372,1.5359720930232559,0.06976744186046512
CHN,USA,1989,1993,39,0.24907948717948708,1.5018410256410255,0.10256410256410256
CHN,USA,1990,1994,36,0.26246249999999993,1.475075,0.1111111111111111
CHN,USA,1991,1995,35,0.2779685714285714,1.444062857142857,0.11428571428571428
CHN,USA,1992,1996,35,0.25383285714285714,1.4923342857142858,0.08571428571428572
CHN,USA,1993,1997,37,0.25949594594594594,1.481008108108108,0.10810810810810811
CHN,USA,1994,1998,36,0.24344027777777777,1.5131194444444445,0.08333333333333333
CHN,USA,1995,1999,34,0.2452970588235294,1.5094058823529413,0.08823529411764706
CHN,USA,1996,2000,32,0.22757187499999998,1.54485625,0.0625
CHN,USA,1997,2001,29,0.2098568965517241,1.5802862068965517,0.034482758620689655
CHN,USA,1998,2002,27,0.19762037037037034,1.6047592592592592,0.0
CHN,USA,1999,2003,28,0.16615714285714286,1.6676857142857142,0.0
CHN,USA,2000,2004,26,0.14139038461538458,1.7172192307692309,0.0
CHN,USA,2001,2005,27,0.11937037037037034,1.7612592592592593,0.0
CHN,USA,2002,2006,27,0.1258518518518518,1.7482962962962962,0.0
CHN,USA,2003,2007,26,0.12652692307692304,1.746946153846154,0.0
CHN,USA,2004,2008,22,0.12945681818181815,1.7410863636363636,0.0
CHN,USA,2005,2009,22,0.11241136363636359,1.7751772727272728,0.0
CHN,USA,2006,2010,20,0.12624999999999997,1.7475,0.0
CHN,USA,2007,2011,21,0.14563571428571426,1.7087285714285714,0.047619047619047616
CHN,USA,2008,2012,21,0.14087142857142854,1.7182571428571427,0.047619047619047616
CHN,USA,2009,2013,21,0.14087142857142854,1.7182571428571427,0.047619047619047616
CHN,USA,2010,2014,20,0.14791499999999996,1.70417,0.05
CHN,USA,2011,2015,19,0.14034999999999997,1.7192999999999998,0.05263157894736842
CHN,USA,2012,2016,18,0.1481444444444444,1.7037111111111112,0.05555555555555555
CHN,USA,2013,2017,17,0.13725294117647055,1.7254941176470588,0.058823529411764705
CHN,USA,2014,2018,18,0.11712777777777778,1.7657444444444446,0.05555555555555555
CHN,USA,2015,2019,18,0.10462777777777776,1.7907444444444447,0.05555555555555555
CHN,USA,2016,2020,20,0.089165,1.82167,0.05
CHN,USA,2017,2021,19,0.05569999999999999,1.8886,0.0
CHN,USA,2018,2022,19,0.06622631578947367,1.8675473684210524,0.0
CHN,USA,2019,2023,19,0.14517105263157892,1.7096578947368422,0.05263157894736842
CHN,USA,2020,2024,18,0.16249444444444439,1.675011111111111,0.05555555555555555
CHN,USA,2021,2025,22,0.16476818181818176,1.6704636363636363,0.045454545454545456
IND,CHN,1979,1983,10,0.93424,0.13151999999999997,1.0
IND,CHN,1980,1984,23,0.9215413043478261,0.15691739130434781,0.9565217391304348
IND,CHN,1981,1985,36,0.9381888888888889,0.1236222222222222,0.9722222222222222
IND,CHN,1982,1986,50,0.94632,0.10735999999999998,0.98
IND,CHN,1983,1987,64,0.9520726562499999,0.09585468749999998,0.984375
IND,CHN,1984,1988,66,0.9605212121212122,0.07895757575757575,0.9848484848484849
IND,CHN,1985,1989,64,0.9701773437500001,0.05964531249999999,1.0
IND,CHN,1986,1990,60,0.972075,0.05584999999999999,1.0
IND,CHN,1987,1991,53,0.9685528301886792,0.0628943396226415,1.0
IND,CHN,1988,1992,44,0.9670454545454544,0.06590909090909092,1.0
IND,CHN,1989,1993,39,0.9571589743589743,0.08568205128205128,1.0
IND,CHN,1990,1994,36,0.9519680555555554,0.09606388888888888,1.0
IND,CHN,1991,1995,35,0.9467542857142858,0.10649142857142857,1.0
IND,CHN,1992,1996,35,0.9534900000000002,0.09301999999999999,1.0
IND,CHN,1993,1997,37,0.9529472972972973,0.09410540540540539,1.0
IND,CHN,1994,1998,36,0.953665277777778,0.09266944444444444,1.0
IND,CHN,1995,1999,34,0.961689705882353,0.07662058823529412,1.0
IND,CHN,1996,2000,32,0.9584187499999999,0.0831625,1.0
IND,CHN,1997,2001,29,0.9615051724137931,0.0769896551724138,1.0
IND,CHN,1998,2002,27,0.9582111111111111,0.08357777777777776,1.0
IND,CHN,1999,2003,28,0.9541232142857143,0.09175357142857142,1.0
IND,CHN,2000,2004,26,0.9512807692307692,0.09743846153846152,1.0
IND,CHN,2001,2005,27,0.9443425925925927,0.11131481481481481,1.0
IND,CHN,2002,2006,27,0.9443425925925927,0.11131481481481481,1.0
IND,CHN,2003,2007,26,0.9502153846153847,0.09956923076923077,1.0
IND,CHN,2004,2008,22,0.9638909090909091,0.07221818181818182,1.0
IND,CHN,2005,2009,22,0.9695727272727273,0.06085454545454545,1.0
IND,CHN,2006,2010,20,0.9874974999999999,0.025005,1.0
IND,CHN,2007,2011,21,0.9722190476190475,0.055561904761904764,1.0
IND,CHN,2008,2012,21,0.9682499999999999,0.0635,1.0
IND,CHN,2009,2013,21,0.9682499999999999,0.0635,1.0
IND,CHN,2010,2014,20,0.9666625,0.066675,1.0
IND,CHN,2011,2015,19,0.9736815789473683,0.052636842105263155,1.0
IND,CHN,2012,2016,18,0.9814805555555556,0.037038888888888885,1.0
IND,CHN,2013,2017,17,0.9901970588235294,0.019605882352941174,1.0
IND,CHN,2014,2018,18,0.9907416666666666,0.018516666666666667,1.0
IND,CHN,2015,2019,18,0.9907416666666666,0.018516666666666667,1.0
IND,CHN,2016,2020,20,0.9854175,0.029164999999999996,1.0
IND,CHN,2017,2021,19,0.9846499999999999,0.030699999999999995,1.0
IND,CHN,2018,2022,19,0.9675447368421053,0.06491052631578946,0.9473684210526315
IND,CHN,2019,2023,19,0.9587736842105263,0.08245263157894737,0.8947368421052632
IND,CHN,2020,2024,19,0.9434236842105262,0.11315263157894735,0.8947368421052632
IND,CHN,2021,2025,23,0.938408695652174,0.12318260869565216,0.8695652173913043
IND,RUS,1988,1992,6,0.6421333333333333,0.7157333333333334,0.6666666666666666
IND,RUS,1989,1993,13,0.6200884615384616,0.7598230769230768,0.5384615384615384
IND,RUS,1990,1994,21,0.6298952380952381,0.7402095238095238,0.5238095238095238
IND,RUS,1991,1995,29,0.6342931034482759,0.7314137931034482,0.5172413793103449
IND,RUS,1992,1996,36,0.6735236111111111,0.6529527777777777,0.5833333333333334
IND,RUS,1993,1997,37,0.7079148648648649,0.5841702702702702,0.6216216216216216
IND,RUS,1994,1998,36,0.7539680555555556,0.4920638888888889,0.6944444444444444
IND,RUS,1995,1999,34,0.791175,0.41764999999999997,0.7647058823529411
IND,RUS,1996,2000,32,0.8534953125,0.29300937499999996,0.875
IND,RUS,1997,2001,29,0.8623965517241379,0.27520689655172415,0.896551724137931
IND,RUS,1998,2002,27,0.8713833333333333,0.2572333333333333,0.9259259259259259
IND,RUS,1999,2003,28,0.8721071428571427,0.2557857142857142,0.9642857142857143
IND,RUS,2000,2004,26,0.8921250000000001,0.21575,1.0
IND,RUS,2001,2005,27,0.8877074074074074,0.22458518518518517,1.0
IND,RUS,2002,2006,27,0.8914111111111112,0.21717777777777775,1.0
IND,RUS,2003,2007,26,0.89685,0.20629999999999998,1.0
IND,RUS,2004,2008,23,0.9022347826086957,0.19553043478260868,1.0
IND,RUS,2005,2009,23,0.9000608695652174,0.19987826086956517,1.0
IND,RUS,2006,2010,21,0.9047595238095237,0.19048095238095236,1.0
IND,RUS,2007,2011,22,0.9015113636363636,0.19697727272727272,1.0
IND,RUS,2008,2012,22,0.8848454545454545,0.2303090909090909,0.9545454545454546
IND,RUS,2009,2013,21,0.8873,0.2254,0.9523809523809523
IND,RUS,2010,2014,20,0.8816649999999999,0.23667,0.95
IND,RUS,2011,2015,19,0.8491210526315789,0.30175789473684206,0.8947368421052632
IND,RUS,2012,2016,18,0.8222222222222223,0.3555555555555555,0.8333333333333334
IND,RUS,2013,2017,17,0.8382352941176471,0.3235294117647059,0.8823529411764706
IND,RUS,2014,2018,18,0.8472222222222222,0.3055555555555556,0.8888888888888888
IND,RUS,2015,2019,18,0.8458333333333333,0.30833333333333335,0.8888888888888888
IND,RUS,2016,2020,20,0.89125,0.21749999999999997,0.95
IND,RUS,2017,2021,19,0.9302631578947369,0.1394736842105263,1.0
IND,RUS,2018,2022,19,0.9157894736842105,0.16842105263157894,0.9473684210526315
IND,RUS,2019,2023,19,0.8903500000000001,0.21930000000000002,0.8947368421052632
IND,RUS,2020,2024,19,0.8771921052631579,0.24561578947368423,0.8421052631578947
IND,RUS,2021,2025,23,0.8675717391304347,0.26485652173913043,0.8260869565217391
IND,USA,1979,1983,11,0.2999636363636363,1.4000727272727271,0.0
IND,USA,1980,1984,24,0.26782291666666663,1.4643541666666664,0.0
IND,USA,1981,1985,37,0.27353513513513505,1.4529297297297297,0.02702702702702703
IND,USA,1982,1986,51,0.27528921568627446,1.4494215686274508,0.0196078431372549
IND,USA,1983,1987,65,0.28396307692307693,1.4320738461538463,0.03076923076923077
IND,USA,1984,1988,65,0.27313615384615386,1.4537276923076923,0.03076923076923077
IND,USA,1985,1989,63,0.2712880952380953,1.4574238095238095,0.031746031746031744
IND,USA,1986,1990,59,0.2653559322033898,1.4692881355932201,0.03389830508474576
IND,USA,1987,1991,52,0.2662490384615384,1.4675019230769233,0.07692307692307693
IND,USA,1988,1992,44,0.2475749999999999,1.5048499999999998,0.09090909090909091
IND,USA,1989,1993,40,0.2642075,1.471585,0.125
IND,USA,1990,1994,37,0.27552702702702697,1.448945945945946,0.13513513513513514
IND,USA,1991,1995,36,0.2854416666666666,1.4291166666666666,0.1388888888888889
IND,USA,1992,1996,36,0.2757972222222222,1.4484055555555555,0.1111111111111111
IND,USA,1993,1997,37,0.2734081081081081,1.4531837837837838,0.10810810810810811
IND,USA,1994,1998,36,0.25802777777777774,1.4839444444444443,0.08333333333333333
IND,USA,1995,1999,34,0.25804558823529405,1.4839088235294118,0.08823529411764706
IND,USA,1996,2000,32,0.24615937499999999,1.50768125,0.0625
IND,USA,1997,2001,29,0.22297931034482757,1.554041379310345,0.034482758620689655
IND,USA,1998,2002,27,0.21744999999999998,1.5651,0.0
IND,USA,1999,2003,28,0.19978749999999998,1.6004250000000002,0.0
IND,USA,2000,2004,26,0.17280192307692305,1.6543961538461538,0.0
IND,USA,2001,2005,27,0.1657685185185185,1.668462962962963,0.0
IND,USA,2002,2006,27,0.17224999999999996,1.6555000000000002,0.0
IND,USA,2003,2007,26,0.16028461538461533,1.6794307692307693,0.0
IND,USA,2004,2008,23,0.17648260869565213,1.6470347826086955,0.0
IND,USA,2005,2009,23,0.16561304347826086,1.6687739130434782,0.0
IND,USA,2006,2010,21,0.16389047619047617,1.6722190476190475,0.0
IND,USA,2007,2011,22,0.18068181818181817,1.6386363636363634,0.045454545454545456
IND,USA,2008,2012,22,0.1875,1.625,0.045454545454545456
IND,USA,2009,2013,21,0.15674523809523808,1.6865095238095238,0.047619047619047616
IND,USA,2010,2014,20,0.1645825,1.6708349999999998,0.05
IND,USA,2011,2015,19,0.14912105263157893,1.701757894736842,0.05263157894736842
IND,USA,2012,2016,18,0.14814722222222218,1.7037055555555556,0.05555555555555555
IND,USA,2013,2017,17,0.12744999999999995,1.7450999999999999,0.058823529411764705
IND,USA,2014,2018,18,0.1078694444444444,1.7842611111111113,0.05555555555555555
IND,USA,2015,2019,18,0.09536944444444442,1.809261111111111,0.05555555555555555
IND,USA,2016,2020,20,0.08708249999999998,1.825835,0.05
IND,USA,2017,2021,19,0.07104999999999999,1.8579,0.0
IND,USA,2018,2022,19,0.09868157894736841,1.8026368421052634,0.0
IND,USA,2019,2023,19,0.1863973684210526,1.6272052631578946,0.05263157894736842
IND,USA,2020,2024,18,0.2129555555555555,1.5740888888888886,0.05555555555555555
IND,USA,2021,2025,22,0.20340227272727265,1.5931954545454545,0.045454545454545456
USA,RUS,1988,1992,6,0.5466833333333333,0.9066333333333333,0.3333333333333333
USA,RUS,1989,1993,13,0.6417384615384616,0.7165230769230769,0.3076923076923077
USA,RUS,1990,1994,21,0.6317904761904762,0.7364190476190476,0.23809523809523808
USA,RUS,1991,1995,29,0.632996551724138,0.734006896551724,0.2413793103448276
USA,RUS,1992,1996,36,0.5907013888888889,0.8185972222222223,0.25
USA,RUS,1993,1997,37,0.5632418918918919,0.8735162162162161,0.24324324324324326
USA,RUS,1994,1998,36,0.5017458333333332,0.9965083333333333,0.2222222222222222
USA,RUS,1995,1999,34,0.46442058823529414,1.0711588235294116,0.23529411764705882
USA,RUS,1996,2000,32,0.3882015625,1.2235968750000001,0.1875
USA,RUS,1997,2001,29,0.35565862068965515,1.2886827586206897,0.13793103448275862
USA,RUS,1998,2002,27,0.31608518518518514,1.3678296296296295,0.07407407407407407
USA,RUS,1999,2003,28,0.2678160714285714,1.464367857142857,0.03571428571428571
USA,RUS,2000,2004,26,0.21620769230769227,1.5675846153846156,0.0
USA,RUS,2001,2005,27,0.19915370370370364,1.601692592592593,0.0
USA,RUS,2002,2006,27,0.20193148148148146,1.596137037037037,0.0
USA,RUS,2003,2007,26,0.20072307692307692,1.598553846153846,0.0
USA,RUS,2004,2008,23,0.22654347826086954,1.546913043478261,0.0
USA,RUS,2005,2009,23,0.2178478260869565,1.564304347826087,0.0
USA,RUS,2006,2010,21,0.23531666666666662,1.5293666666666668,0.0
USA,RUS,2007,2011,22,0.25643863636363634,1.4871227272727274,0.045454545454545456
USA,RUS,2008,2012,22,0.28750000000000003,1.425,0.09090909090909091
USA,RUS,2009,2013,21,0.26944523809523807,1.461109523809524,0.09523809523809523
USA,RUS,2010,2014,20,0.2829175,1.4341650000000001,0.1
USA,RUS,2011,2015,19,0.3,1.4000000000000001,0.15789473684210525
USA,RUS,2012,2016,18,0.3074083333333333,1.3851833333333334,0.1111111111111111
USA,RUS,2013,2017,17,0.26960882352941173,1.4607823529411765,0.058823529411764705
USA,RUS,2014,2018,18,0.24213055555555554,1.515738888888889,0.05555555555555555
USA,RUS,2015,2019,18,0.23101944444444442,1.5379611111111113,0.05555555555555555
USA,RUS,2016,2020,20,0.17916749999999998,1.6416650000000002,0.0
USA,RUS,2017,2021,19,0.14078684210526313,1.7184263157894737,0.0
USA,RUS,2018,2022,19,0.13026052631578947,1.7394789473684211,0.0
USA,RUS,2019,2023,19,0.19078421052631572,1.6184315789473684,0.05263157894736842
USA,RUS,2020,2024,18,0.18980833333333327,1.6203833333333333,0.05555555555555555
USA,RUS,2021,2025,22,0.1623045454545454,1.675390909090909,0.045454545454545456
