country_a,country_b,change_year,mean_before,mean_after,change_magnitude,effect_size,persistence,low_variance_shift,confirmed,confidence
CHN,RUS,1999,0.702671,0.820433,0.117762,3.306165,3,False,True,0.671
CHN,RUS,1998,0.667513,0.78523,0.117718,3.034504,3,False,True,0.671
CHN,RUS,2000,0.739608,0.850488,0.11088,3.373466,3,False,True,0.669
CHN,RUS,1997,0.644641,0.739608,0.094967,2.802466,3,False,True,0.667
CHN,RUS,2001,0.78523,0.866475,0.081244,2.342991,3,False,True,0.664
CHN,RUS,1996,0.629003,0.702671,0.073668,2.82742,3,False,True,0.663
CHN,RUS,2002,0.820433,0.883034,0.062601,2.37047,3,False,True,0.661
CHN,RUS,2020,0.853203,0.904211,0.051007,6.164136,3,False,True,0.659
CHN,RUS,2023,0.904211,0.861777,0.042434,4.511509,3,False,True,0.657
CHN,RUS,2003,0.850488,0.892841,0.042353,2.751368,3,False,True,0.657
CHN,RUS,1993,0.67056,0.629003,0.041557,8.850121,3,False,True,0.657
CHN,RUS,2004,0.866475,0.900537,0.034063,2.719247,3,False,True,0.656
CHN,RUS,2024,0.896492,0.857577,0.038915,2.320994,2,False,False,0.557
CHN,RUS,2014,0.878569,0.842522,0.036047,2.057143,2,False,False,0.556
CHN,RUS,2015,0.869283,0.836869,0.032414,3.329863,2,False,False,0.556
CHN,RUS,2019,0.842246,0.887779,0.045533,1.83131,2,False,False,0.528
CHN,RUS,2012,0.896165,0.869283,0.026881,7.462621,1,False,False,0.455
CHN,RUS,2013,0.886704,0.858925,0.027779,1.859482,1,False,False,0.43
CHN,RUS,2021,0.868302,0.896492,0.028191,1.24984,2,False,False,0.424
CHN,RUS,2018,0.836869,0.868302,0.031432,1.748764,1,False,False,0.412
CHN,RUS,1995,0.64045,0.667513,0.027063,0.959538,2,False,False,0.373
CHN,USA,2023,0.070364,0.157478,0.087114,6.10144,3,False,True,0.665
CHN,USA,2003,0.211683,0.142306,0.069377,3.525147,3,False,True,0.662
CHN,USA,2004,0.191211,0.128871,0.062341,3.495122,3,False,True,0.661
CHN,USA,2002,0.227575,0.168389,0.059186,2.514355,3,False,True,0.66
CHN,USA,2019,0.134175,0.083164,0.051011,2.441432,3,False,True,0.659
CHN,USA,2020,0.119669,0.070364,0.049306,2.936735,3,False,True,0.659
CHN,USA,2001,0.23877,0.191211,0.047558,2.738647,3,False,True,0.658
CHN,USA,2005,0.168389,0.123916,0.044473,2.210145,3,False,True,0.658
CHN,USA,2024,0.089032,0.163631,0.074599,2.156206,2,False,False,0.563
CHN,USA,2018,0.141916,0.10364,0.038276,3.587155,2,False,False,0.557
CHN,USA,2000,0.249411,0.211683,0.037728,3.06058,2,False,False,0.557
CHN,USA,1990,0.2811,0.249242,0.031858,2.114414,2,False,False,0.556
CHN,USA,1989,0.289459,0.260335,0.029124,5.189746,2,False,False,0.555
CHN,USA,2017,0.14547,0.119669,0.0258,2.14032,2,False,False,0.555
CHN,USA,1988,0.293422,0.267814,0.025608,2.53953,2,False,False,0.554
CHN,USA,2022,0.083164,0.124631,0.041466,1.027262,2,False,False,0.387
CHN,USA,2025,0.124631,0.164768,0.040138,1.106151,1,False,False,0.301
IND,CHN,2023,0.979204,0.946869,0.032335,3.120977,2,False,False,0.556
IND,CHN,2022,0.986936,0.956581,0.030356,3.393121,2,False,False,0.555
IND,CHN,2024,0.970323,0.940916,0.029407,3.0513,2,False,False,0.555
IND,CHN,1987,0.93535,0.960924,0.025574,2.326771,2,False,False,0.554
IND,CHN,2008,0.9463,0.973654,0.027354,3.027111,1,False,False,0.455
IND,RUS,1998,0.671911,0.799546,0.127636,2.895591,3,False,True,0.672
IND,RUS,1999,0.711802,0.835689,0.123887,3.129069,3,False,True,0.672
IND,RUS,2000,0.751019,0.862425,0.111406,3.693491,3,False,True,0.669
IND,RUS,1997,0.645904,0.751019,0.105115,3.088588,3,False,True,0.668
IND,RUS,1996,0.628092,0.711802,0.08371,2.886513,3,False,True,0.665
IND,RUS,2020,0.843764,0.912434,0.068671,4.782453,3,False,True,0.662
IND,RUS,2021,0.861435,0.912134,0.050699,2.186338,3,False,True,0.659
IND,RUS,2015,0.884603,0.836526,0.048077,4.918927,3,False,True,0.658
IND,RUS,2016,0.872695,0.835893,0.036802,2.151631,3,False,True,0.656
IND,RUS,2001,0.799546,0.868629,0.069083,1.93159,3,False,True,0.65
IND,RUS,2002,0.835689,0.878538,0.04285,1.494321,3,False,True,0.569
IND,RUS,2024,0.912134,0.872382,0.039752,2.636822,2,False,False,0.557
IND,RUS,2023,0.912434,0.878371,0.034063,2.113092,2,False,False,0.556
IND,RUS,2014,0.891219,0.851003,0.040216,1.828978,2,False,False,0.527
IND,RUS,2019,0.835893,0.889115,0.053222,1.70628,2,False,False,0.508
IND,RUS,1995,0.630706,0.671911,0.041205,1.515243,2,False,False,0.472
IND,RUS,2025,0.894444,0.867572,0.026872,1.936785,1,False,False,0.444
IND,USA,2023,0.085605,0.200918,0.115314,8.438492,3,False,True,0.67
IND,USA,2003,0.228863,0.179453,0.04941,2.967392,3,False,True,0.659
IND,USA,2018,0.141573,0.096774,0.044799,3.934203,3,False,True,0.658
IND,USA,2017,0.15395,0.11023,0.043721,3.321672,3,False,True,0.658
IND,USA,2019,0.127822,0.084501,0.043322,2.592348,3,False,True,0.658
IND,USA,2004,0.213406,0.170273,0.043132,4.792014,3,False,True,0.658
IND,USA,2001,0.254078,0.213406,0.040672,4.132208,3,False,True,0.657
IND,USA,2024,0.11871,0.208179,0.089469,2.087827,2,False,False,0.566
IND,USA,2002,0.242395,0.19668,0.045715,2.252698,2,False,False,0.558
IND,USA,2000,0.26316,0.228863,0.034298,2.751391,2,False,False,0.556
IND,USA,1984,0.299964,0.272216,0.027748,10.051345,2,False,False,0.555
IND,USA,2022,0.084501,0.166012,0.081511,1.88766,2,False,False,0.545
IND,USA,2016,0.156816,0.127822,0.028994,1.900592,2,False,False,0.538
IND,USA,2005,0.19668,0.166101,0.030579,1.858417,2,False,False,0.531
IND,USA,2015,0.169609,0.141573,0.028036,1.969617,1,False,False,0.45
IND,USA,1999,0.269078,0.242395,0.026683,1.861252,1,False,False,0.43
IND,USA,2025,0.166012,0.203402,0.037391,0.884221,1,False,False,0.261
USA,RUS,2000,0.509803,0.353315,0.156488,3.592716,3,False,True,0.677
USA,RUS,1999,0.551896,0.40276,0.149136,2.927314,3,False,True,0.676
USA,RUS,1998,0.595647,0.451456,0.144191,3.011856,3,False,True,0.675
USA,RUS,2001,0.451456,0.313187,0.138269,2.689914,3,False,True,0.674
USA,RUS,2002,0.40276,0.266703,0.136057,2.568704,3,False,True,0.674
USA,RUS,2003,0.353315,0.227726,0.125589,3.495041,3,False,True,0.672
USA,RUS,1997,0.618496,0.509803,0.108693,2.774328,3,False,True,0.669
USA,RUS,2004,0.313187,0.205764,0.107422,3.380881,3,False,True,0.669
USA,RUS,2020,0.247586,0.150072,0.097515,4.241297,3,False,True,0.667
USA,RUS,2019,0.273049,0.183658,0.089391,2.261521,3,False,True,0.666
USA,RUS,1993,0.546683,0.635508,0.088825,23.138693,3,False,True,0.666
USA,RUS,1996,0.635508,0.551896,0.083612,2.577697,3,False,True,0.665
USA,RUS,2018,0.292339,0.217439,0.0749,2.70746,3,False,True,0.663
USA,RUS,2017,0.296775,0.247586,0.049189,2.95987,3,False,True,0.659
USA,RUS,2011,0.226569,0.271128,0.044559,3.524783,3,False,True,0.658
USA,RUS,2012,0.236534,0.279954,0.04342,2.858352,3,False,True,0.658
USA,RUS,2021,0.217439,0.153944,0.063495,1.925421,3,False,True,0.648
USA,RUS,2005,0.266703,0.200603,0.0661,1.870814,3,False,True,0.639
USA,RUS,2010,0.215038,0.259752,0.044714,2.154278,2,False,False,0.558
USA,RUS,2008,0.200603,0.226569,0.025967,4.15185,2,False,False,0.555
USA,RUS,2014,0.271128,0.296775,0.025647,1.811107,2,False,False,0.521
USA,RUS,2009,0.209733,0.236534,0.026802,1.566117,2,False,False,0.479
USA,RUS,2023,0.150072,0.180966,0.030894,1.437287,2,False,False,0.457
