country_a,country_b,event_start,event_end,event_name,pre_observations,event_observations,pre_mean,event_mean,absolute_shift,local_max_change,persistent_shift,nearest_change_year,detection_distance,change_point_magnitude,change_point_effect_size,change_point_confidence,change_point_confirmed,classification
CHN,RUS,2001,2001,Sino-Russian Treaty of Good-Neighborliness and Friendly Cooperation,18,4,0.8533222222222223,0.8875,0.03417777777777764,0.33335000000000004,False,,,,,,False,WEAK_SIGNAL_NO_DETECTION
CHN,USA,1989,1990,Tiananmen crackdown and U.S. sanctions,39,20,0.27495,0.2167925,0.05815750000000003,0.79165,True,,,,,,False,WEAK_SIGNAL_NO_DETECTION
IND,CHN,1988,1988,Rajiv Gandhi China visit and normalization,41,12,0.9692000000000001,0.9836791666666667,0.014479166666666599,0.21429999999999993,False,,,,,,False,WEAK_SIGNAL_NO_DETECTION
IND,CHN,2020,2021,India-China LAC crisis,10,9,1.0,0.9675944444444444,0.032405555555555576,0.19999999999999996,True,,,,,,False,WEAK_SIGNAL_NO_DETECTION
IND,RUS,1993,1993,India-Russia Treaty of Friendship and Cooperation,6,7,0.6421333333333333,0.6011928571428572,0.04094047619047614,0.70835,True,1997.0,4.0,0.105,3.089,0.368,False,WEAK_SIGNAL_NEAR_DETECTION
IND,RUS,2000,2000,India-Russia Declaration on Strategic Partnership,19,6,0.8358368421052633,0.9297666666666666,0.09392982456140331,0.375,True,2000.0,0.0,0.111,3.693,0.669,True,WEAK_SIGNAL_NEAR_DETECTION
IND,USA,1998,2000,Indian nuclear tests and U.S. sanctions,22,18,0.26152727272727266,0.2479333333333333,0.013593939393939353,0.91665,True,2023.0,23.0,0.115,8.438,0.67,True,WEAK_SIGNAL_FAR_DETECTION
IND,USA,2005,2006,U.S.-India Strategic Partnership and Civil Nuclear Initiative,16,11,0.16874999999999996,0.17734090909090908,0.008590909090909121,0.70835,True,2023.0,17.0,0.115,8.438,0.67,True,WEAK_SIGNAL_FAR_DETECTION
USA,RUS,2014,2014,Crimea intervention and U.S. sanctions,12,3,0.30624999999999997,0.19166666666666665,0.11458333333333331,0.875,False,,,,,,False,STRONG_SIGNAL_NO_DETECTION
