country_a,country_b,event_start,event_end,event_name,pre_observations,event_observations,post_observations,pre_mean,event_mean,post_mean,pre_to_event_shift,event_to_post_shift,max_local_change,max_local_change_year,local_min,local_max,local_range
CHN,RUS,2001,2001,Sino-Russian Treaty of Good-Neighborliness and Friendly Cooperation,5,1,5,0.93143,0.75,0.9716699999999999,-0.18142999999999998,0.22166999999999992,0.20835000000000004,2002,0.75,1.0,0.25
CHN,USA,1989,1990,Tiananmen crackdown and U.S. sanctions,5,2,5,0.48166000000000003,0.42044999999999993,0.125,-0.0612100000000001,-0.29544999999999993,0.75,1991,0.0,0.8333,0.8333
IND,CHN,1988,1988,Rajiv Gandhi China visit and normalization,5,1,5,0.89361,0.9375,0.9283300000000001,0.043889999999999985,-0.0091699999999999,0.23750000000000004,1984,0.7625,1.0,0.23750000000000004
IND,CHN,2020,2021,India-China LAC crisis,5,2,4,1.0,0.9375,0.9270875000000001,-0.0625,-0.010412499999999936,0.16664999999999996,2024,0.83335,1.0,0.16664999999999996
IND,RUS,1993,1993,India-Russia Treaty of Friendship and Cooperation,1,1,5,0.7778,0.75,0.8216699999999999,-0.027800000000000047,0.0716699999999999,0.29170000000000007,1995,0.66665,0.95835,0.29170000000000007
IND,RUS,2000,2000,India-Russia Declaration on Strategic Partnership,5,1,5,0.8216699999999999,1.0,0.92667,0.1783300000000001,-0.07333,0.33335000000000004,2000,0.66665,1.0,0.33335000000000004
IND,USA,1998,2000,Indian nuclear tests and U.S. sanctions,5,3,5,0.36667,0.0333333333333333,0.1399999999999999,-0.3333366666666667,0.1066666666666666,0.6071000000000001,1996,0.0,0.8214,0.8214
IND,USA,2005,2006,U.S.-India Strategic Partnership and Civil Nuclear Initiative,5,2,5,0.11999999999999993,0.0999999999999999,0.25165999999999994,-0.02000000000000003,0.15166000000000004,0.7083,2011,0.0,0.8333,0.8333
USA,RUS,2014,2014,Crimea intervention and U.S. sanctions,5,1,5,0.16499999999999998,0.125,0.355,-0.03999999999999998,0.22999999999999998,0.75,2015,0.125,0.875,0.75
